{"cameraMode":{"drawMode":0,"name":"Shaded","section":"Shading Mode"},"sceneLighting":true,"audioPlay":false,"sceneViewState":{"m_AlwaysRefresh":false,"showFog":true,"showSkybox":true,"showFlares":true,"showImageEffects":true,"showParticleSystems":true,"showVisualEffectGraphs":true,"m_FxEnabled":true},"in2DMode":false,"pivot":{"x":14.531509399414063,"y":1.0363407135009766,"z":-14.227754592895508},"rotation":{"x":0.005019741132855415,"y":0.8871755003929138,"z":-0.009577042423188687,"w":0.4615940749645233},"size":14.557022094726563,"orthographic":false}